Model,Accuracy,Precision,Recall,F1-Score
DecisionTree,0.8995446938322802,0.665079365079365,0.6358152958152958,0.6436859096128873
LogisticRegression,0.8615883934134624,0.5833333333333333,0.0938961038961039,0.1548678772208184
NeuralNetwork,0.8462565900466693,0.32222222222222224,0.1658874458874459,0.20503108260848196
RandomForest,0.8900193764082178,0.7358730158730159,0.44375180375180373,0.5346416548408741
SVM,0.857125321382268,0.27999999999999997,0.07142857142857142,0.10680926916221034
